"","mean","sd","2.5%","25%","50%","75%","97.5%","Rhat","n.eff"
"BB[1,1]",-3.98717768682872,1.40139968473098,-7.01426330732046,-4.8787722518403,-3.87791555649126,-2.99612895475593,-1.56064090616711,1.0011182137116,13000
"BB[2,1]",-0.327453572978378,0.478927880853934,-1.28237434521951,-0.648663943791876,-0.320245025736939,-0.00397174236866055,0.602205470142783,1.00102366240658,34000
"BB[3,1]",-0.019343483524154,0.523260318604479,-1.05889533243562,-0.367670907703004,-0.0160296917534556,0.328642369508812,1.00159900641689,1.00119010227449,8900
"BB[4,1]",-0.468146698901996,0.696995382472593,-1.88797196399726,-0.919225705692435,-0.451701385142818,0.0112522533429538,0.856838710532983,1.00107572552532,18000
"BB[5,1]",-3.96134211723456,1.43087029304558,-6.93601870611568,-4.88838642854564,-3.9027185135486,-2.95721856001918,-1.37226642971394,1.00119086950968,8900
"BB[6,1]",-0.576528791678013,0.609054340375748,-1.82186050959845,-0.972866517888091,-0.560644502315621,-0.166405299953388,0.567747949984402,1.00100515200074,45000
"BB[7,1]",-2.89771877567772,1.20294134294675,-5.55515575219321,-3.64780752046663,-2.81244450897748,-2.04944920535661,-0.826869300133171,1.0010404226894,27000
"BB[8,1]",-3.9041630755188,1.4549351218463,-6.97994773781,-4.83173659928757,-3.82406893100338,-2.87188218258816,-1.31632094348154,1.00109777948628,15000
"BB[9,1]",-2.98278841215766,1.39615230980613,-5.97066075819577,-3.88026936340897,-2.90551130878915,-2.00035355557836,-0.468973842496166,1.00109457835091,15000
"BB[10,1]",-3.2529044030397,1.32146034316055,-6.06049025036126,-4.09115343612196,-3.1600091522785,-2.34003095688789,-0.924144908890143,1.00123239322666,7500
"BB[11,1]",-3.73470120027251,1.28958120842537,-6.54006112287451,-4.55975154370709,-3.63820100065328,-2.79680610888921,-1.51256082039803,1.00134671617623,5200
"BB[12,1]",1.17363141996439,0.536662746083108,0.175939255947506,0.808637880071587,1.1538966575238,1.51439719352664,2.29623875985252,1.00114593738241,11000
"BB[13,1]",-1.20086849153617,0.655863866883371,-2.59533403149946,-1.61959003417647,-1.16807606412354,-0.756226088692699,-0.00467999626599919,1.00124172622156,7200
"BB[14,1]",0.905158747294545,0.54972379062694,-0.119653375327731,0.534470081255799,0.88632854118119,1.25894037163878,2.03939413822485,1.00108146503002,17000
"BB[15,1]",0.909527373995266,0.570961112359955,-0.174530715337685,0.522492188571735,0.89353907344209,1.28471072618218,2.07717718779162,1.00105527792726,22000
"BB[16,1]",-0.749829552110922,0.501645962820212,-1.77544438863796,-1.08420114446487,-0.730104857160974,-0.406105667954967,0.187101296583791,1.00101643172099,39000
"BB[17,1]",-3.71662793697416,1.7617269010447,-7.32612328505724,-4.8632085827126,-3.65310470995103,-2.50847119876902,-0.434050910059161,1.00142962747295,4300
"BB[18,1]",-3.61186800688692,1.66313603152522,-6.96676254641265,-4.71220272821066,-3.57994326716175,-2.46594137203864,-0.486289258068328,1.00143706984347,4200
"BB[19,1]",0.0578777045608333,0.554713196078138,-1.03357834167934,-0.308847489699838,0.0531589552829546,0.425582896057634,1.15316259091234,1.00133484771487,5400
"BB[20,1]",-2.56353071934953,1.16496431034776,-5.17118830317674,-3.28710103376221,-2.47738701400656,-1.74261502040663,-0.567911998582668,1.00098644725278,45000
"BB[21,1]",-3.4032361080602,1.53684750191792,-6.66419258601929,-4.41168930861067,-3.31732732321736,-2.34071281011516,-0.614057896401036,1.00106037294635,21000
"BB[22,1]",-1.76843883947333,1.28687369225764,-4.53663082215599,-2.56583972220158,-1.68041018159233,-0.888435788176674,0.586010385097283,1.00119978593541,8500
"BB[23,1]",-1.51493836444821,0.587763398577851,-2.75438790248452,-1.88653420784347,-1.48803918056498,-1.11209604784857,-0.447995963533365,1.0010306548783,31000
"BB[24,1]",-2.53472124486723,1.22613163455418,-5.1744895824796,-3.31133937412266,-2.44545757498714,-1.66262070371549,-0.402810827156362,1.00143556609589,4300
"BB[25,1]",1.72392873765579,0.865265103112427,0.158735115726537,1.11177920600179,1.68982304570957,2.27461672547882,3.54827224010756,1.00099314851186,45000
"BB[26,1]",-3.66911143364092,1.31933459713054,-6.5087589485706,-4.51234519552597,-3.57075815947735,-2.72624445930406,-1.37628362628488,1.00165079225433,2900
"BB[27,1]",0.941634745736245,0.961432971467918,-0.869519883201239,0.296077261650968,0.911211690903374,1.54044731048037,2.96212071537818,1.00106981907223,19000
"BB[28,1]",0.791315842403837,0.580771609057097,-0.297432551943285,0.386756656697801,0.780572695064558,1.17965328514739,1.9673529963419,1.00099044221162,45000
"BB[29,1]",-2.06672330596236,0.7179907765249,-3.61168884168828,-2.51559632128912,-2.01413861257918,-1.56418472308323,-0.794436099956036,1.00144539548517,4200
"BB[30,1]",2.65123678857627,1.37492611669473,0.143671295024706,1.69882144269619,2.57593276736554,3.5171943907064,5.61128282944889,1.00108729089249,16000
"BB[31,1]",-2.36400527627379,1.16850221043215,-4.88895409107818,-3.08918110693836,-2.28123208962884,-1.5401337908417,-0.310631162400276,1.00108617919655,17000
"BB[32,1]",-2.51903995108909,1.02113688364219,-4.66765356323019,-3.17696715807413,-2.45652815231224,-1.80365562774688,-0.676004497732588,1.0011812758233,9300
"BB[33,1]",-3.69448743411738,1.29464710810908,-6.54310757077298,-4.4958255344614,-3.596509127241,-2.79082615148455,-1.43428046615612,1.00144087363101,4200
"BB[34,1]",1.35702832970318,0.777914561812695,-0.0953714091098666,0.825904125501951,1.32026411527493,1.85431420242208,2.97571663603297,1.00140145870807,4600
"BB[35,1]",-1.83336172879524,1.02365050897676,-4.01680046366652,-2.476236507719,-1.76406678338857,-1.12353123919932,-0.0333914712330201,1.00132145012842,5600
"BB[36,1]",2.1980763508193,0.683201880253875,0.994944731632223,1.72671357899957,2.14206646744077,2.61441947042941,3.66256966337455,1.00096855510611,45000
"BB[37,1]",-2.16375019733614,1.22517880137124,-4.81603064801441,-2.92295668048051,-2.0879392630672,-1.31202981691225,0.0107898083008123,1.00108287815266,17000
"BB[38,1]",-2.30375439478481,1.20184048501243,-4.87976375152112,-3.06401358825969,-2.21671940233017,-1.45532039705917,-0.136426712850932,1.00105031809322,24000
"BB[39,1]",-3.0181968832254,1.26693337162872,-5.70432516681292,-3.83401518857986,-2.94481455401329,-2.10658851883897,-0.804027059905676,1.00119364269625,8800
"BB[40,1]",-1.01266372365631,0.598918170197305,-2.27061023975774,-1.39704647480194,-0.996110158992165,-0.59664369598441,0.0996673980326591,1.00142675609477,4300
"BB[41,1]",-1.42881696005011,0.621089681225838,-2.74819730365575,-1.82286219547228,-1.39363740059665,-0.997317826587151,-0.292703810150628,1.00136052197378,5100
"BB[42,1]",-2.4259174742443,1.04732865006937,-4.70035291308531,-3.067698441816,-2.34152365717486,-1.69688116903026,-0.596535900520634,1.0011167935651,13000
"BB[43,1]",-0.049014931544601,0.477749034390444,-0.977952338825861,-0.378221023468371,-0.0498955191250435,0.276293168400154,0.884611326501252,1.00122097416638,7800
"BB[44,1]",1.43168422937774,0.573684016437776,0.383419802142395,1.03476379362673,1.39894780485921,1.79576502527655,2.63050214131574,1.00107632514735,18000
"BB[45,1]",-3.41973032899864,1.36986111385544,-6.35167546487585,-4.29146250031631,-3.3339749562426,-2.44182412376203,-1.01110419758773,1.00097391314152,45000
"BB[46,1]",-2.15173422812424,1.2285621764946,-4.79350540205973,-2.9155929261626,-2.08159778624133,-1.29156592175687,0.0161838093751448,1.00100532725208,45000
"BB[47,1]",-2.01181256616939,0.956168697948618,-4.10769318236359,-2.5967147994711,-1.93743758206464,-1.34812517162672,-0.339257970354452,1.0013226511545,5600
"BB[48,1]",1.62156095028256,0.709406425634652,0.33711488046534,1.13876317203795,1.57430381051215,2.05567461867521,3.15905175674536,1.00099175520757,45000
"BB[49,1]",1.14181463206022,0.48702087383242,0.217516574605571,0.804403967549095,1.13573326556108,1.45920178600504,2.1204935006954,1.00135366581867,5200
"BB[50,1]",-3.05775365245388,1.29713313206079,-5.828967614038,-3.88922918118438,-2.96651958894541,-2.14233909673447,-0.762850784062708,1.00111524525684,13000
"BB[51,1]",-1.79397940461546,0.816255328509207,-3.52729120961897,-2.31260249586325,-1.7421922492891,-1.21725312775628,-0.339212675137349,1.00116875905037,9800
"BB[52,1]",1.17669076950458,1.01752511722216,-0.681262737891711,0.489678478076415,1.13110124243242,1.80128095975399,3.33640622879122,1.00098671475633,45000
"BB[53,1]",2.88151547160388,0.862233423682758,1.36412045361419,2.27631707210175,2.82280551156156,3.43608584402716,4.72121130369007,1.0009892154883,45000
"BB[54,1]",-2.60156730828407,1.23489737776709,-5.23341913311459,-3.38115390767708,-2.51620007692328,-1.70899157481915,-0.444402590843168,1.0010406473,27000
"BB[55,1]",-0.894250632259746,0.772192970703114,-2.46951380931541,-1.38862946895098,-0.869129423591861,-0.360621278781842,0.556562500238341,1.00105991447559,21000
"BB[56,1]",-1.97981865212209,1.01436045027203,-4.11541348574323,-2.63077653152308,-1.93394766186157,-1.27762902547915,-0.126308342450269,1.00126530150341,6700
"BB[57,1]",0.470793946834333,0.888656494155227,-1.25301195311888,-0.119897691577836,0.465201158145418,1.04611299365901,2.25870651503286,1.00111967147875,13000
"BB[58,1]",0.341494731102445,0.895773898803032,-1.41170417016956,-0.2483313239644,0.334557136249288,0.923328303170506,2.13654408540186,1.00108668307443,16000
"BB[59,1]",-0.227324615026153,0.883620244119081,-2.00378202166624,-0.801383186960223,-0.212774446323139,0.361535003330889,1.50692188836127,1.00100489119639,45000
"BB[60,1]",2.77387009925567,0.825029490220629,1.32833684588064,2.18751777042647,2.72280526139391,3.29072582987454,4.51799084932846,1.00097746623692,45000
"BB[61,1]",-1.67803829354011,1.18506291053828,-4.201965828676,-2.44292855169851,-1.60676103003151,-0.858164793077884,0.463315245277923,1.00097081523429,45000
"BB[62,1]",-2.40603978239832,0.950393010433938,-4.48791227194999,-2.98641066189072,-2.32949442559897,-1.73559016985317,-0.764071612710877,1.00115757966163,10000
"BB[63,1]",1.394683374802,0.541948905464069,0.393631765086866,1.02052667130044,1.37223866380434,1.74586952473086,2.52593068934223,1.00110005379515,15000
"BB[64,1]",1.45714205549008,0.625111933577735,0.331211117803737,1.02324605285341,1.41532394992656,1.85512339737,2.76685301250316,1.0015183609996,3600
"BB[65,1]",1.41846702445806,0.957177396782857,-0.34359308742105,0.771733142668148,1.37766391129546,2.01384409788945,3.43889008363805,1.00128757366363,6200
"BB[66,1]",1.32373291240156,0.713546610732357,0.00620815718178009,0.840543081252053,1.29473122467541,1.77672245713081,2.83208773784049,1.00121806784371,7900
"BB[67,1]",3.38425039668024,0.995492395249525,1.65785850626954,2.68679086228732,3.3033036153363,4.00228790793851,5.5206458503817,1.0009905522701,45000
"BB[68,1]",0.412074931997623,1.04256052177118,-1.59160343351046,-0.286076100818833,0.406320081390152,1.08726782362756,2.49529609474,1.0010013134143,45000
"BB[69,1]",0.731396847424854,1.00735578322568,-1.19171272273843,0.0611462760529425,0.71116959426992,1.38335962870598,2.78270293080194,1.00119192550602,8800
"BB[70,1]",1.76796735454932,0.896093172115628,0.167969389676906,1.15157215357171,1.70657119117555,2.31894081556324,3.70619473127842,1.00099461491671,45000
"BB[71,1]",1.7182633185563,0.797908943277019,0.261645892732605,1.16223572776445,1.68201802254594,2.2165347851961,3.41912661622168,1.00098238663416,45000
"BB[72,1]",2.95385253638187,0.868035585448979,1.42719849892818,2.34252300183317,2.88566350836809,3.49371542559086,4.83374010144581,1.00153371649433,3500
"BB[73,1]",1.00351515484719,0.997380706368766,-0.861036956450045,0.329165943330521,0.971039189904869,1.64440635364747,3.07779711626754,1.00116391837978,10000
"BB[74,1]",1.24177352399136,0.740703286448631,-0.12043828342933,0.736778988841652,1.21007023574687,1.7104449972955,2.78135396876673,1.00149486883314,3800
"BB[75,1]",-1.922729156432,1.25881954812746,-4.57170575249514,-2.71371249400155,-1.8400724159371,-1.05703292483782,0.370840627743797,1.00130209403564,5900
"BB[76,1]",1.74911137814314,0.700399983241078,0.485853618065325,1.26125439980286,1.7043426513121,2.1889595439707,3.2437039600844,1.0010600039008,21000
"BB[77,1]",1.42855914580058,0.588832986878334,0.346865676873211,1.02488154573926,1.39991870010519,1.8022112346439,2.65055769155342,1.001374933953,4900
"BB[78,1]",-0.957279714595316,0.944256566482291,-2.91562631638103,-1.54771707297697,-0.911861016601104,-0.324881294817527,0.819266800603312,1.00105026577991,24000
"BB[79,1]",1.82252144204639,0.673745175563391,0.590349914338785,1.35630093411677,1.78939651575209,2.24802406287904,3.24623488599897,1.00096866058664,45000
"BB[80,1]",-1.08855055151915,1.14998936787576,-3.5052296214838,-1.82333496120043,-1.04094322595089,-0.320115212314858,1.08489561863024,1.00117752463053,9400
"BB[81,1]",-0.252814249399175,0.693929398232543,-1.66817915231197,-0.706751250856499,-0.242383453446716,0.211874223795862,1.08010386807037,1.00097123658721,45000
"BB[82,1]",2.36482314903406,0.788926572038738,0.957719297119346,1.81764662832609,2.31293770758223,2.85933392760142,4.05071165379118,1.00112929292828,12000
"BB[83,1]",-0.544239265759215,0.874943372830213,-2.28159515591848,-1.1183077340945,-0.543906487102545,0.0374652231906212,1.15697714965106,1.00114169787482,11000
"BB[84,1]",-2.2610512476112,0.976182870171864,-4.3617734024778,-2.86720816554561,-2.19630138463644,-1.5839475446373,-0.531909537463546,1.00148180267321,3900
"BB[85,1]",-1.38785451159053,0.693400379395534,-2.81663862796217,-1.83747226849594,-1.35768957644946,-0.908887179746519,-0.121639659660022,1.00160865181656,3100
"BB[86,1]",-1.81287046442405,1.04336097537899,-4.05245483123909,-2.4584490813958,-1.7463582802041,-1.09903308997536,0.0419126027200747,1.00097360661713,45000
"BB[87,1]",0.477065585069515,0.622377967977674,-0.704657863272937,0.0599853884696161,0.469478303861655,0.885200853267567,1.73152904421188,1.00130139432453,6000
"BB[88,1]",-3.4900879181749,1.40771685318071,-6.48500449248363,-4.39691855005901,-3.40818311089163,-2.49941946005707,-0.985933652619669,1.00100196675496,45000
"BB[89,1]",-2.32546409415543,1.06915837426513,-4.63947438278726,-3.00296338286607,-2.26028781404773,-1.58071811170169,-0.411994593050079,1.00103823228312,27000
"BB[90,1]",-0.062671807926181,0.78847217717853,-1.6174083559871,-0.584103052857546,-0.0536120838068532,0.454192476408918,1.48051845665813,1.00101701021754,39000
"BB[91,1]",-0.999194169542661,0.858891141387467,-2.76807599418527,-1.55012056240462,-0.963273838145691,-0.412651718464197,0.610598349230478,1.00099347667666,45000
"BB[92,1]",2.85720431136504,1.289140811601,0.496365301000277,1.96325017605588,2.79317594671576,3.68977770855894,5.57102176164179,1.00134120116772,5300
"BB[93,1]",-1.50860430752283,1.08584496912031,-3.80302054704295,-2.1920554358649,-1.46743393498774,-0.770116234038991,0.518810186752594,1.00100213141381,45000
"BB[94,1]",0.863943800554765,0.950146654706623,-0.9259669221094,0.2182350761364,0.822183939633919,1.4690013847583,2.82959782456533,1.00170356518738,2700
"BB[95,1]",0.179524953667767,0.997565221022214,-1.76391007962918,-0.489559894611762,0.164643061898843,0.826023005951803,2.21260665828753,1.00129839089406,6000
"BB[96,1]",1.49430584104554,1.07154878526681,-0.443471006974431,0.752615861158686,1.43284040045995,2.17031157991915,3.76704676471144,1.00098908128339,45000
"BB[97,1]",1.39742766080921,0.904334552639289,-0.252170737621212,0.775537206491161,1.34720175524328,1.96066286768732,3.32771704986926,1.00115966408378,10000
"BB[98,1]",-1.90579506164295,1.10601869921582,-4.24781764235364,-2.60755580536338,-1.84051887571241,-1.13008221236547,0.0639930165968046,1.00111702131403,13000
"BB[99,1]",3.29570799622293,1.00061792748093,1.59085075622748,2.59454692817586,3.21404117130414,3.91416266450218,5.48021533097673,1.00106520800786,20000
"BB[100,1]",0.414241404816093,0.632340542128818,-0.794201369455456,-0.0134597907944322,0.407504312497049,0.824337152040539,1.68098597162427,1.00097381980527,45000
"BB[101,1]",-3.76052379725158,1.25511351666737,-6.49743024038294,-4.53519437680811,-3.66106613513698,-2.88226187256061,-1.56306656581314,1.00098925593319,45000
"BB[102,1]",-3.35795844533702,1.37925859487913,-6.25437561094295,-4.24442538934502,-3.2717250723627,-2.38123853660397,-0.886749739207473,1.00183925824068,2300
"BB[103,1]",1.41973794852575,0.535613358030422,0.422699120104229,1.05419768987758,1.39507952293234,1.76386691864646,2.54545542827638,1.00097571074305,45000
"BB[104,1]",0.962205073581073,0.609051313555242,-0.1678146348884,0.543360309503444,0.941550705098533,1.35864645314955,2.20904825253507,1.00097321727292,45000
"BB[105,1]",-0.063983965519186,0.583079910507112,-1.21959107462029,-0.446391928312971,-0.0561057791806602,0.319734821098761,1.07384657952029,1.00109928057144,15000
"BB[106,1]",-0.17481446461418,0.832807774333114,-1.8321522312962,-0.714495573271231,-0.18751222190312,0.381037171471171,1.47610246058284,1.00115424178681,11000
"BB[107,1]",1.25274965023735,0.561066926293577,0.213600369416051,0.860469697123075,1.23114192307461,1.61265693151427,2.43095292433598,1.0010649030285,20000
"BB[108,1]",3.11185303107142,0.994381969651867,1.39721425451369,2.40774144826821,3.02957700140672,3.73100140548225,5.28073021544238,1.00105221603071,23000
"BB[109,1]",2.48791666462751,1.30402843602861,0.152250756247494,1.56631023635796,2.41729120515575,3.32926127527145,5.26303816411263,1.00106712880918,20000
"BB[110,1]",-0.315244351588595,0.899836758773505,-2.14246073874476,-0.898604695521244,-0.297155305032491,0.287709522152529,1.43087375820324,1.00127352041961,6500
"BB[111,1]",-0.498951670950078,1.01479384559499,-2.54276006420191,-1.15842525907801,-0.473068376347753,0.183091781761494,1.42069457604534,1.0010139497908,41000
"BB[112,1]",1.84147314246937,0.89056686955689,0.241627307508289,1.22745493755061,1.8040186849343,2.40152985905888,3.73804413422892,1.00100126294052,45000
"BB[113,1]",-2.65693521408584,1.01338001422761,-4.8685618133162,-3.29500324192281,-2.55799891880912,-1.94162078606353,-0.920889683304879,1.00111653399468,13000
"BB[114,1]",0.472840541990736,1.02236550635774,-1.50258159042561,-0.217764155909679,0.45284358628762,1.13905834759733,2.53912947642671,1.00129149408296,6100
"BB[115,1]",-0.333654950752772,1.01646582010115,-2.38418843205033,-0.984935341170262,-0.311349723077402,0.334166758812219,1.64047816066231,1.0009769697505,45000
"BB[116,1]",2.58763145774184,0.962317910475655,0.905469018105463,1.90740775664789,2.50997656469746,3.17933667049044,4.69882915163821,1.0010049456312,45000
"BB[117,1]",2.80679363572904,1.14668285431626,0.775700322237732,2.00305508594483,2.72163930378246,3.5199572369501,5.30909150748271,1.00108503159921,17000
"BB[118,1]",1.88841146192998,0.663190062814813,0.716304477372479,1.42270408373925,1.84165867000446,2.30906285156466,3.31223402111262,1.00128632526318,6200
"BB[119,1]",1.82079689070694,0.912698243669558,0.165089638885175,1.19764300176355,1.76356561405804,2.39478773808441,3.79287237233614,1.00101725157845,38000
"BB[120,1]",1.44146937310259,0.884399890542275,-0.214408339667678,0.835985349433709,1.41426817267455,2.01097093301767,3.27570072311224,1.00103325817919,29000
"BB[121,1]",1.56380878253456,0.789086326935871,0.138296462144477,1.0165198948349,1.51780291342613,2.06478879425782,3.22955939499486,1.00127083819098,6600
"BB[122,1]",-0.320666729225307,0.638836653504842,-1.59954074327823,-0.737055783662181,-0.311209503916903,0.10527003027732,0.921865375006227,1.00102403202884,34000
"BB[123,1]",0.482766740278532,0.923002143738944,-1.28955901899601,-0.145832085270069,0.465614329738333,1.08933364395363,2.34012264869034,1.00100000308329,45000
"BB[124,1]",-1.09165556805752,0.717474415650677,-2.58871217896142,-1.55994493655822,-1.05803023364691,-0.601247313088946,0.232784866433444,1.00101683144626,39000
"BB[125,1]",2.29686809614166,0.749270339227479,0.9869420189391,1.77064833981539,2.23493910837419,2.7681677361546,3.92639050248751,1.00111710924547,13000
"BB[126,1]",2.56609707303488,0.815905022306417,1.13789710477894,1.99202088436942,2.50249611007822,3.07971659840725,4.3340739141048,1.00125708297339,6900
"BB[127,1]",-0.8807485204839,0.922483402418638,-2.79245251213445,-1.46786692963469,-0.848609374177858,-0.253553763275535,0.836072961952097,1.00115183777605,11000
"BB[128,1]",1.67328019367076,1.18999192317779,-0.508119807220165,0.84168201143595,1.61926713949549,2.441276720451,4.1541081629389,1.00179365083403,2400
"BB[129,1]",-3.04249325616639,1.35046375438989,-5.90806541302653,-3.89042250254378,-2.95992467248221,-2.1207007261396,-0.594904869972789,1.00116378918146,10000
"BB[130,1]",-2.35022714829977,1.0707679235627,-4.62293304083347,-3.02674605228449,-2.28705351902213,-1.60371412727223,-0.460120221891814,1.00101124846668,43000
"BB[131,1]",-0.716609442124569,0.858045083367849,-2.48568507020506,-1.26634034071306,-0.688721726326521,-0.126517971364688,0.889427873819709,1.00099189865269,45000
"BB[132,1]",-3.00377666319797,1.34436428363647,-5.88555180616554,-3.8682525672887,-2.92415254317846,-2.05299785992966,-0.631859853349376,1.00133309495068,5400
"BB[133,1]",-1.64515645113465,1.10177212176869,-3.95473914169216,-2.3460922353741,-1.59586566401334,-0.896880818104937,0.394805605914837,1.00110130633257,15000
"BB[134,1]",-3.6462938509187,1.46711549817865,-6.6952869947081,-4.59696274692186,-3.60374311821329,-2.62540284088383,-0.994125961601795,1.00106416534075,20000
"BB[135,1]",1.12218184062959,0.652225228779876,-0.0940230882481438,0.676122386149569,1.10573905835987,1.54800397384,2.45370178983827,1.00149017039432,3800
"BB[136,1]",-4.08124560597247,1.51877801397347,-7.22853110295735,-5.08307654406521,-4.00833933920833,-3.00501550032127,-1.33099335651295,1.00187090485442,2200
"BB[137,1]",-1.50884327508742,1.00565194420908,-3.63931222186283,-2.15186638986333,-1.46168857801601,-0.818758259292973,0.326497264803445,1.00115310559301,11000
"BB[138,1]",-3.36421191781866,1.41627676142558,-6.40364587839539,-4.27371912687153,-3.26793549729302,-2.35303818819186,-0.874425538303336,1.00121824822587,7900
"BB[139,1]",2.35950979670508,0.697695749770112,1.14098157612122,1.8683952514542,2.31176169768764,2.79780697665257,3.85436783212397,1.00105748847559,22000
"BB[140,1]",-0.113277377812945,0.513955919024663,-1.12586863914667,-0.459527688679157,-0.111333199489325,0.23599177753747,0.880352398757167,1.00099215200315,45000
"BB[141,1]",-0.511886657593133,0.653484967180133,-1.82559749415912,-0.936281622563634,-0.496478937913585,-0.0764404259416379,0.749211303621917,1.00146876631748,4000
"BB[142,1]",1.40071582036892,0.561792857213094,0.348859715314677,1.0185496829056,1.37548533870233,1.76486851187946,2.57025699047768,1.00133631397713,5400
"BB[143,1]",-0.870662290511876,0.867131020747822,-2.62433592673082,-1.43906368002384,-0.856848904857448,-0.283220598661635,0.759801605168839,1.00120750123867,8300
"BB[144,1]",1.33619976815184,0.797598370344908,-0.117124316088318,0.786491161813225,1.29149135366063,1.83946528625138,3.0211702633769,1.00139992318289,4600
"BB[145,1]",-2.05290131874703,1.01356731132888,-4.21913345264368,-2.68682957443432,-1.97742568550923,-1.35170467240659,-0.267526699958323,1.00103602806442,28000
"BB[146,1]",-0.50084187461741,0.784628707727903,-2.0751471480407,-1.01687631924745,-0.486247519044233,0.0270167909363068,1.01132276098542,1.00127525882849,6500
"BB[147,1]",-2.50308560598183,1.17330163094775,-5.05408568035637,-3.22557317370406,-2.41784622160812,-1.67526573292938,-0.455380609107485,1.00136728624263,5000
"BB[148,1]",-0.0387775607633287,0.992832672878882,-1.99703078444586,-0.700565113569576,-0.0207821559153632,0.615217470485571,1.92753075113063,1.00123582954288,7400
"BB[149,1]",-1.97437393277059,0.980567678917804,-4.07538347540088,-2.58266882116433,-1.91504295080131,-1.29354018665331,-0.231773294464911,1.00114097006379,11000
"BB[150,1]",-3.78611499083948,1.29836195812238,-6.63873296328141,-4.58801586882137,-3.68363670713769,-2.8685681990672,-1.55891287881034,1.00140990171878,4500
"BB[151,1]",0.866879995552195,0.506078489271185,-0.0845815702594628,0.520673545832666,0.855007440491214,1.19850676430288,1.89058935397721,1.00096937773969,45000
"BB[152,1]",-5.15042499101894,1.57085531861477,-8.39812404029386,-6.18793516482559,-5.06856203661187,-4.04377389336711,-2.30761316212639,1.00112957655159,12000
"BB[153,1]",-3.24902712031598,1.38882495384562,-6.30394258631143,-4.10965210693146,-3.14839836092658,-2.28216139266922,-0.824315530763777,1.00170428792495,2700
"BB[154,1]",-2.27931116271607,1.15331840275787,-4.73917175569656,-3.00064113000282,-2.21072404827261,-1.48780870745046,-0.179203442587842,1.00233225643511,1500
"BB[155,1]",-4.13006908595344,1.5230127593154,-7.30718957517451,-5.12036343349334,-4.04833959367671,-3.06014714639576,-1.37698145148618,1.00115318334031,11000
"BB[156,1]",-1.7986700688132,1.29864461021112,-4.54397735501548,-2.61869298528242,-1.73068159355283,-0.904023258646378,0.55728481982388,1.00128211236107,6300
"BB[157,1]",-1.04680244639694,0.940532522642796,-2.98160346534512,-1.64642727318647,-1.02308257079951,-0.416515400686802,0.73902660284651,1.00142985977907,4300
"BB[158,1]",-3.5968205846194,1.44693481663414,-6.62344016727776,-4.54010161432506,-3.52563786894793,-2.57616017765795,-0.9946011275238,1.00108575505559,17000
"BB[159,1]",0.257054131101913,0.995451209471885,-1.65656845629272,-0.39773318444472,0.238867698882006,0.898610433601542,2.24511938251071,1.00120979071887,8200
"BB[160,1]",-1.45604747284775,1.02417732739347,-3.61618255828451,-2.09685206589478,-1.41027446847931,-0.762812746517224,0.422432779813608,1.00151691173336,3600
"BB[161,1]",1.43684679920729,0.672583573295309,0.211792981632941,0.976728482653655,1.39786752317336,1.85523151512537,2.87726180570076,1.00101807760173,38000
"BB[162,1]",-3.39769637742365,1.12065376913611,-5.85714025797064,-4.08585145452751,-3.29153553631648,-2.58357151611465,-1.47871644185995,1.00112042654307,13000
"BB[163,1]",-2.13888950333063,0.975981172343178,-4.25427762535166,-2.73611270774089,-2.07386768473508,-1.46026154701206,-0.428167999676231,1.00126148258616,6800
"BB[164,1]",-1.00109628726676,0.866019459279115,-2.80037925616577,-1.55877562266604,-0.972913898102317,-0.414113088712142,0.634235239451583,1.00161330096115,3100
"BB[165,1]",-3.15264455392481,1.30471348612052,-5.97883853570874,-3.97040634592575,-3.03974018865291,-2.21330273983313,-0.935242926150099,1.00107976447018,17000
"BB[166,1]",-2.30869420422595,1.01408050264682,-4.44572810714136,-2.95027195343971,-2.24830733726425,-1.59065262033294,-0.50608921421751,1.00096900301202,45000
"BB[167,1]",1.09358570880733,0.519863451481503,0.141695087254876,0.728697526368351,1.07682519615616,1.43688187239473,2.15626677432286,1.0010964772904,15000
"BB[168,1]",3.34016289943476,0.978442751623216,1.6969855088395,2.6476587660737,3.25061726389037,3.93005893285236,5.53823649867622,1.00153741970049,3500
"BB[169,1]",0.402694559476837,0.795921093557677,-1.11188991786917,-0.139927583474334,0.383947708621551,0.923040690499659,2.02588062977931,1.00200009145773,1900
"BB[170,1]",-0.595875428542887,0.651270312941926,-1.91476361583103,-1.03077183700362,-0.586510248850375,-0.156322096058822,0.651969253724447,1.00215143843964,1700
"BB[171,1]",-1.15774538185324,0.731479647783126,-2.6723284736388,-1.62419914384811,-1.12379568123751,-0.656516185487744,0.191490325135952,1.00134695535684,5200
"BB[172,1]",-0.674874122568521,1.03251508389127,-2.82237759743367,-1.33126293416816,-0.642020028349006,0.00885814574112403,1.28890595294121,1.00115060023577,11000
"BB[173,1]",-3.31377726463787,1.30531543388292,-6.10531199643486,-4.13663117374166,-3.2235353601058,-2.39116330175318,-1.0370991223462,1.00141246597965,4500
"BB[174,1]",-3.23490492339113,1.39688251044059,-6.1901391933835,-4.11713996280573,-3.15766911301237,-2.24396712375608,-0.71788681425648,1.00109560842165,15000
"BB[175,1]",-0.73883526049588,0.653335154613182,-2.07546396814417,-1.16981033480801,-0.725031971514953,-0.290026172809065,0.515899771507537,1.00100429285904,45000
"BB[176,1]",-1.39716849612538,0.942340771912787,-3.42631356624885,-1.98016757109156,-1.34715295548766,-0.755446837356733,0.324563462085169,1.00108527384411,17000
"BB[177,1]",-2.94679250068452,1.06678305137135,-5.32851711688217,-3.59327338719081,-2.85732900444777,-2.19960873243166,-1.10808296900845,1.00114836013847,11000
"BB[178,1]",-1.51071247190373,0.771216640362867,-3.1413462034519,-2.00260693785543,-1.47850841721899,-0.977680889370833,-0.103998298908018,1.00112652317937,12000
"BB[179,1]",-2.86105509421472,1.01939152232452,-5.09319094602432,-3.47723859540923,-2.76947047827079,-2.15147213912701,-1.12775827533808,1.00096633784027,45000
"BB[180,1]",-0.830225475801685,0.51607286762804,-1.88900547634176,-1.15619256004395,-0.817019799014682,-0.481621687352678,0.142112531318329,1.00106223423679,21000
"BB[181,1]",-0.114228195813019,0.475915285539662,-1.04690937151163,-0.433105839565579,-0.118122636114997,0.202341743462633,0.835397220386455,1.00097426866739,45000
"BB[182,1]",-1.05849090414216,0.544593826739928,-2.18470579611545,-1.40799814938372,-1.0313601023845,-0.685810851927075,-0.0487249186112576,1.00147149779536,4000
"BB[183,1]",-1.77735960938972,0.685332991224552,-3.249096928982,-2.20228640404274,-1.73757300057203,-1.30272419010781,-0.555324339250458,1.00113399325413,12000
"BB[184,1]",-2.79883394138244,1.31745098002001,-5.59600927043556,-3.62751229754606,-2.73483495848185,-1.8813204197657,-0.423916787945319,1.00096600024545,45000
"BB[185,1]",-0.46684744817442,0.61210681907029,-1.69591438812594,-0.868898976810398,-0.460432289097559,-0.0544985972210468,0.708904135670054,1.00101510150057,40000
"BB[186,1]",-3.83043137134873,1.27427686258118,-6.63846441355814,-4.6162978529569,-3.72047791489964,-2.93197938519325,-1.66843053670236,1.00131323887191,5800
"BB[187,1]",-0.031714930320445,0.90748067032544,-1.80404788650363,-0.621535192742949,-0.023380003534891,0.550706936237254,1.75858759747606,1.00106556930332,20000
"BB[188,1]",1.2098726033681,0.560770509788201,0.179214585132367,0.829042446877631,1.18638846636483,1.56190451562126,2.40968059867212,1.00113003275757,12000
"BB[189,1]",3.6778495525277,1.24296236073957,1.46928234966476,2.80903524887207,3.61184474970103,4.47697520632575,6.35216511085368,1.00113920901921,12000
"BB[190,1]",1.10297650952306,0.52662516046298,0.127716263955495,0.741183963880994,1.08752383333567,1.43823166810835,2.19965235759858,1.00142770051518,4300
"BB[191,1]",-0.314870818079401,0.617687127787944,-1.5499375349557,-0.716720998101904,-0.31002378811584,0.0979257520531401,0.884270337400436,1.00130678465053,5900
"BB[192,1]",0.550793777781352,0.615264701160311,-0.645401467913313,0.13599825753515,0.552660230389439,0.954608316780408,1.76218458194846,1.00096517305079,45000
"BB[193,1]",0.286281486207404,0.569093566459499,-0.813876688276469,-0.0884998892303602,0.278680020807605,0.656015234051536,1.41939606501207,1.00133445801582,5400
"BB[194,1]",-1.25931272069815,1.32887923918634,-3.97531434500972,-2.1162592121836,-1.22832898080158,-0.354500039399227,1.24168995550655,1.00124301654228,7200
"BB[195,1]",-2.71154852895599,1.42632736371058,-5.65235872497393,-3.62948556763901,-2.66991360048566,-1.75154134950768,-0.00624413063083395,1.00140858694858,4500
"BB[196,1]",-0.366459049763237,0.529390186921494,-1.43525804891049,-0.715686731306759,-0.359595284276633,-0.006977233834632,0.637977395794172,1.001064694621,20000
"BB[1,2]",-0.725461408806602,0.54469369868792,-1.82459743807354,-1.08112866183684,-0.704997325316257,-0.365567066317287,0.300957594516424,1.00127473367806,6500
"BB[2,2]",-0.163416316046322,0.36680428510499,-0.892870852056031,-0.408023815668688,-0.162719599339855,0.0808160956982147,0.567674490078596,1.00097185499709,45000
"BB[3,2]",-0.03434269987057,0.426582543925789,-0.89257952758,-0.308751743773065,-0.0357989226933749,0.245708825512178,0.796955333408697,1.00141533148052,4400
"BB[4,2]",-0.0679866628872718,0.439981167525073,-0.924254241901397,-0.358942822229964,-0.0715800208682813,0.217193547643741,0.815629113069563,1.00235239132784,1400
"BB[5,2]",-0.493594948300532,0.560068272919383,-1.64657276755857,-0.856261601739192,-0.480004241247848,-0.1218300582703,0.561894930390929,1.0012370627601,7400
"BB[6,2]",-0.459711040378061,0.405087008756232,-1.27672329885313,-0.724867602970823,-0.45111411396095,-0.185743171945318,0.316715683108316,1.0016111178208,3100
"BB[7,2]",-0.449552600452183,0.499476792791665,-1.47225028384477,-0.767575958416028,-0.440385094218932,-0.121660963572808,0.499176981912888,1.00260508600954,1200
"BB[8,2]",-0.784394407103538,0.551452019477303,-1.91684466330534,-1.13482292112697,-0.762660012170386,-0.418905833650031,0.256773331562946,1.00167352810972,2800
"BB[9,2]",-0.467070647311081,0.525385043330089,-1.54620951005408,-0.797627820560603,-0.450528081081045,-0.115167736973062,0.53994881327619,1.00133171248526,5500
"BB[10,2]",-0.718107381864331,0.546874317285821,-1.83322717942442,-1.07511029402527,-0.710946642558853,-0.350906068675766,0.319047356050846,1.00182792082819,2300
"BB[11,2]",-0.631474743789945,0.526814694514615,-1.7095152935774,-0.973051850054832,-0.613573687712712,-0.281038069338581,0.383368256616041,1.00102170734282,35000
"BB[12,2]",0.0446588413095284,0.382532714045815,-0.716307897965733,-0.211839333393015,0.0522262240119167,0.303704807664229,0.78684677903452,1.0016324031288,3000
"BB[13,2]",-0.315005277180206,0.405397543939853,-1.15096900737917,-0.572931098149038,-0.305343813112581,-0.0390464882018681,0.43997100047027,1.0014216562392,4400
"BB[14,2]",0.236247296420694,0.3712010754832,-0.482511209478217,-0.0125724999115704,0.233994227797654,0.481765983815254,0.971750458443795,1.00097804743644,45000
"BB[15,2]",0.412102707024038,0.399412500474183,-0.382644229279827,0.148876328761656,0.415495154250054,0.67278243999761,1.19875946625433,1.00123204005134,7500
"BB[16,2]",0.207213053515605,0.365760165178986,-0.489682231796977,-0.0372590654606097,0.202129360407874,0.444209707505439,0.954537860064987,1.00136647909445,5000
"BB[17,2]",-0.977926304705989,0.677483237012454,-2.38958459355874,-1.40954855651007,-0.94672298581366,-0.517369024568859,0.283965172963981,1.00269856051907,1200
"BB[18,2]",-0.671422863807481,0.611383112283471,-1.95353530360885,-1.06227478395454,-0.637798439526113,-0.259477479111489,0.453936017699604,1.00136421286548,5000
"BB[19,2]",0.116033838103443,0.3820377564996,-0.650193811694528,-0.133272207398468,0.123363722644671,0.370153080192164,0.84628219639394,1.00107265229215,19000
"BB[20,2]",0.274256875294392,0.576126828921654,-0.879361182418129,-0.0969663499434414,0.277036188820022,0.655934045771384,1.38735186459039,1.00107833651047,18000
"BB[21,2]",0.143447442811768,0.650124348270477,-1.17789472294269,-0.281360478054342,0.161262657816143,0.560245669987687,1.40034764770962,1.00140728741281,4500
"BB[22,2]",0.501013425762371,0.585602488605043,-0.71145783369902,0.130760371260732,0.509838381922308,0.891942948788835,1.62543921206565,1.00098238549805,45000
"BB[23,2]",0.0287715410641493,0.430011534516613,-0.823014121788693,-0.24938728377049,0.0358631769664045,0.312264895242835,0.871270504962114,1.00177675693249,2500
"BB[24,2]",0.195722015735066,0.572067217981159,-0.964291016301514,-0.176309492969864,0.206033070291776,0.581300526535573,1.28908004070049,1.00130848415044,5800
"BB[25,2]",0.446138622365448,0.419141005721797,-0.355006770041963,0.162263081194967,0.432767283807882,0.721166579946386,1.29301711109898,1.00138104596037,4800
"BB[26,2]",-0.169862784733975,0.550755574483894,-1.31356298434208,-0.521747830970025,-0.151429301697723,0.19602488811528,0.873148175987458,1.00243218320014,1400
"BB[27,2]",0.341791347661001,0.470234898934359,-0.614661070140543,0.0499957289927857,0.348283129918181,0.648734823954132,1.26477634803908,1.00244913510838,1400
"BB[28,2]",0.366024982115698,0.456743609435379,-0.56855196903289,0.0702672532625433,0.375120462979432,0.668277238678146,1.24593510906149,1.00219655337146,1600
"BB[29,2]",-0.0745097311401236,0.434395334802091,-0.945183268559995,-0.357169497086007,-0.0709096242733271,0.216604921818119,0.773768981632125,1.00175231254757,2500
"BB[30,2]",0.298885202837178,0.536525944755749,-0.705915266854639,-0.0632727897108029,0.278202346282252,0.64160386622988,1.40225086716961,1.00167658671889,2800
"BB[31,2]",0.185472823960406,0.556426148836391,-0.940266268089525,-0.176437865073928,0.197627005248993,0.554079906664924,1.25863697479881,1.00165512755681,2900
"BB[32,2]",0.208939399227924,0.47297625451294,-0.712590593465518,-0.10730829090303,0.209849331556688,0.517023499444945,1.14688827856583,1.00204334899606,1900
"BB[33,2]",-0.146537347630061,0.552260114607125,-1.2651545987871,-0.501939577671965,-0.134230888945862,0.220633668344747,0.915987368939809,1.00194740947749,2000
"BB[34,2]",0.590871546663178,0.439311516433269,-0.220006948031942,0.292080108983327,0.578608995551859,0.876942916878428,1.50111384759378,1.00136492379656,5000
"BB[35,2]",-0.27597568842931,0.469841095737028,-1.25470492037629,-0.566109690084863,-0.256102163736535,0.0397117370902057,0.612528181022515,1.00224778618635,1600
"BB[36,2]",0.667160922167898,0.440523812881694,-0.143263985568808,0.367263110680831,0.642507061625455,0.954591825455489,1.58430114296569,1.00154097555747,3500
"BB[37,2]",-0.0733719961842031,0.512517096420452,-1.11405971360671,-0.401345395772252,-0.0512775423765401,0.275371118833618,0.884869618782749,1.00174550108364,2600
"BB[38,2]",-0.18612056919922,0.503624302387385,-1.21085704331535,-0.511435363731455,-0.179919475277345,0.144119644564643,0.793392771094979,1.00138637525871,4800
"BB[39,2]",-0.455097284879946,0.521887325647357,-1.53004310228277,-0.785986361985448,-0.433621820019283,-0.113583188931529,0.558727020778665,1.0022247354313,1600
"BB[40,2]",-0.148049239032099,0.41938583751905,-0.965687787655669,-0.425934145532166,-0.151599698975025,0.123815550372827,0.701897017747602,1.00151592432826,3600
"BB[41,2]",-0.317050594386344,0.417361723796469,-1.14832880770393,-0.590693504135288,-0.31427200069619,-0.0413434825476399,0.495822837316042,1.00177180020223,2500
"BB[42,2]",-0.438733813358175,0.533738140328166,-1.50547751390432,-0.795475545406647,-0.431409746480934,-0.0890631815734965,0.589923227174295,1.0016396493943,3000
"BB[43,2]",-0.183938951048571,0.370490012111262,-0.918725419023005,-0.431735696106684,-0.177799488114457,0.0725450425328283,0.525505739423903,1.00115584031321,10000
"BB[44,2]",0.0803099629374352,0.408273055629501,-0.712370485065034,-0.189647728395288,0.0784753190351091,0.343031091623881,0.900212297151051,1.00143333166882,4300
"BB[45,2]",-0.266253279265075,0.534231457153818,-1.36337229686541,-0.60397106022358,-0.253997626273088,0.0888868246813228,0.76629349833293,1.00157249377413,3300
"BB[46,2]",-0.0872925968120148,0.481992472966103,-1.08243433184241,-0.391827376062743,-0.0812569816368818,0.228213158775517,0.843513972233315,1.00113627304239,12000
"BB[47,2]",0.0734201499506832,0.49336328900238,-0.92920143693243,-0.241270681658956,0.0849869117100792,0.4040284655904,1.00828758441739,1.00163651801263,3000
"BB[48,2]",0.839717299619035,0.446296758641969,0.00488111188988571,0.539456959381725,0.83116095377163,1.12281152744987,1.75304860264786,1.00177434842551,2500
"BB[49,2]",-0.131789347941655,0.387055498295819,-0.904561145538569,-0.381618875255138,-0.129782007571789,0.128219883174045,0.634809318420901,1.00103713488159,28000
"BB[50,2]",-0.0473017670182369,0.540168459139454,-1.16244533197453,-0.384983995517865,-0.0278742741426859,0.314900984340563,0.967736569633327,1.00115418500336,11000
"BB[51,2]",-0.0263845096385691,0.462594699815545,-0.938886727702902,-0.322643196870593,-0.0266567777061398,0.277054878567044,0.889873602268696,1.00140504647389,4600
"BB[52,2]",0.288805365575593,0.473513909294931,-0.607406653404632,-0.0274733854536952,0.274678456630587,0.590304957365638,1.25375608997957,1.00098807616491,45000
"BB[53,2]",0.648334621404882,0.439648678786341,-0.186949050074579,0.350188607792743,0.636092645906462,0.930319784846128,1.5578166977697,1.00127818798219,6400
"BB[54,2]",-0.116581224268441,0.511351772819134,-1.15493156326329,-0.447364519497246,-0.10861633104767,0.225634906789696,0.852972524321226,1.00110033547892,15000
"BB[55,2]",-0.313061887876744,0.431423785326136,-1.22221678056822,-0.587113084355254,-0.295397456814707,-0.0246618661481529,0.481313534010062,1.00127374870826,6500
"BB[56,2]",-0.151108818660597,0.480412388474839,-1.12454015886039,-0.465303825931284,-0.143248862727072,0.169681933539786,0.774047886019994,1.00214618980733,1700
"BB[57,2]",0.406365164074486,0.456512823373586,-0.488880125525198,0.115831307417721,0.401741975023727,0.69431607558299,1.33465375304855,1.00149172611357,3800
"BB[58,2]",0.373989569240779,0.468507686999388,-0.537498887900538,0.063041045263315,0.368290403242219,0.684093982424521,1.31202302995811,1.00131357982233,5700
"BB[59,2]",0.268254298426003,0.455121250293234,-0.626644160475872,-0.0240501036543045,0.266497519968804,0.566841051619083,1.18451945125368,1.00098032119762,45000
"BB[60,2]",0.371286851644444,0.452963832995092,-0.5313250903555,0.0743632913078298,0.376059872521113,0.671870652284702,1.26839209357828,1.00127950504849,6400
"BB[61,2]",-0.0328096767086547,0.491846770401833,-1.02312055718566,-0.349841796235934,-0.0229987612379683,0.277513293029584,0.920732609920204,1.00126944840307,6600
"BB[62,2]",-0.0709813121722911,0.489041815942708,-1.04714070117806,-0.392949755917716,-0.0670687031711565,0.255097881340866,0.88703665853918,1.00134140003942,5300
"BB[63,2]",0.127347457543647,0.3711599084027,-0.635399655792759,-0.112413575922464,0.137105276520153,0.368975360920471,0.842530681165478,1.00141482470009,4500
"BB[64,2]",0.24040803976709,0.383643731879668,-0.507065290210157,-0.0155830702771485,0.24164238396868,0.495489463714345,0.992388935565553,1.00119513096654,8700
"BB[65,2]",0.19419066092626,0.460435072304122,-0.717240491001869,-0.105854203025945,0.194738616439561,0.491568478957578,1.10027756934909,1.00101566104509,40000
"BB[66,2]",0.323327736880592,0.416702854616892,-0.481807392456897,0.0463702708129826,0.321700708252731,0.593463620449723,1.16140555325386,1.0010517850198,23000
"BB[67,2]",0.386120687452869,0.48738510471798,-0.55832103839045,0.0602709785751711,0.382393160810578,0.698803545124001,1.36822288785471,1.00124065222496,7300
"BB[68,2]",0.18453528907968,0.512664902808577,-0.792104330480204,-0.159733546907825,0.173721101070838,0.518708352314307,1.21885641404962,1.0010519015745,23000
"BB[69,2]",0.370905668174475,0.494224479696396,-0.59892542439434,0.0511478804174625,0.367586805436478,0.695470805837049,1.35899890423508,1.00108805055276,16000
"BB[70,2]",0.508016266368867,0.471152676189299,-0.407310385220064,0.202352527870168,0.498792157351045,0.816646663889882,1.46207229927657,1.00146857206229,4000
"BB[71,2]",0.793415233911839,0.456205769326743,-0.0651548135544436,0.491667916156889,0.774734278778778,1.07151318297294,1.76619270565526,1.00165902271885,2900
"BB[72,2]",0.55657243452668,0.460240456952385,-0.341084864364536,0.248123054201782,0.551771821468579,0.856416361912218,1.47138806360445,1.00143988859012,4200
"BB[73,2]",0.605227400061131,0.478750812805078,-0.311894803414955,0.29471919548428,0.599775453166652,0.907922564058016,1.58644491019903,1.00140667410954,4500
"BB[74,2]",0.744120023164221,0.449559572837159,-0.0787834048229513,0.436168400236349,0.721761429104438,1.02783663926992,1.69786450668656,1.00185795642714,2200
"BB[75,2]",0.112515809291917,0.518801974221308,-0.923900064114165,-0.226559796048202,0.116950116233835,0.454079270002512,1.1299982358643,1.00141911138331,4400
"BB[76,2]",0.888456139162053,0.431589603463437,0.099951159555755,0.597634669423145,0.866108546629239,1.16436608305853,1.7993858549902,1.00105766347955,22000
"BB[77,2]",0.765532144096092,0.405052606211282,-0.00259736222207226,0.491827649929031,0.755763756635452,1.02227778743873,1.59601270138831,1.00139150652928,4700
"BB[78,2]",0.0724417392407006,0.460665680516645,-0.824393244720557,-0.233894018810435,0.0676855168791109,0.372641172582152,0.996156412434847,1.00104302018531,26000
"BB[79,2]",0.920511220342066,0.442687001488667,0.0971528897141618,0.613255982017249,0.909462495602691,1.20530218240326,1.84552391698783,1.00107455218023,18000
"BB[80,2]",0.133856062040146,0.493029859883637,-0.859122560504426,-0.184009694318085,0.140089063261875,0.45441913885989,1.10130684583762,1.00123613710023,7400
"BB[81,2]",-0.0597957874323587,0.433526661201766,-0.918978297193706,-0.3461427594809,-0.0607603375159823,0.226757081885167,0.797816791435037,1.00138630352064,4800
"BB[82,2]",0.280168809430421,0.433215282118488,-0.59562653623167,0.00104458537614655,0.289150677721366,0.565592733724926,1.10963781131204,1.00120638961762,8300
"BB[83,2]",0.42400684916013,0.445854776535529,-0.423175815813577,0.129899639284224,0.418720494448818,0.707544487432387,1.32807435615496,1.00237492941975,1400
"BB[84,2]",-0.0721730369127753,0.471316841863046,-1.0011554074254,-0.386178908241795,-0.0700073932285924,0.233806394282686,0.85743131682067,1.00119256087938,8800
"BB[85,2]",0.317764720894446,0.407486316978622,-0.463135244294849,0.038984683616852,0.31067953203103,0.584086683481065,1.14175826568311,1.00097983343212,45000
"BB[86,2]",0.194497412122097,0.519558630822328,-0.87097226746488,-0.134644185523244,0.208037514568088,0.531045895588883,1.19921632592684,1.00141963411019,4400
"BB[87,2]",0.948666431103208,0.472769027712703,0.0589235176657862,0.623280382204218,0.933093752262483,1.26025914104724,1.91594464750766,1.00110329889529,14000
"BB[88,2]",-0.639798654373627,0.531330929361278,-1.74008179373642,-0.977482531008352,-0.620212581759697,-0.283904794863083,0.350374412794858,1.00228094242287,1500
"BB[89,2]",-0.362888006891946,0.468428624894126,-1.28835442161298,-0.674551557375017,-0.365797506970346,-0.0570490938878687,0.570566173295977,1.0012357304186,7400
"BB[90,2]",-0.0424621948121898,0.428692913163744,-0.870551589238625,-0.32580723569361,-0.0485382739665785,0.233376507588146,0.830335766470844,1.00141714368934,4400
"BB[91,2]",-0.57068223717944,0.460126955892767,-1.49565476006788,-0.869407742958377,-0.565105020470417,-0.262325773589802,0.304748354777078,1.00109623930671,15000
"BB[92,2]",0.654140858661209,0.523457659248242,-0.321031049911745,0.309754167107013,0.630464334604464,0.989748443331356,1.74204822888857,1.00188273578784,2200
"BB[93,2]",0.308779364036042,0.505851037400488,-0.697852450256605,-0.0149331682436922,0.311623776343353,0.635763775943518,1.31361594342037,1.00128777869573,6200
"BB[94,2]",0.119540207260925,0.447159098943903,-0.755870781737825,-0.175967570951901,0.121228366581623,0.41132214515213,1.00766685126882,1.00178503892064,2400
"BB[95,2]",0.1896683805995,0.426864692949922,-0.656847334965819,-0.0920292480217389,0.194486571045584,0.46799891375116,1.03639315650254,1.00180585538781,2400
"BB[96,2]",0.43424446823106,0.485391330738655,-0.487744727834969,0.111780091218991,0.42977961298509,0.744974640611219,1.4210787545042,1.00169103431567,2800
"BB[97,2]",0.422937562498076,0.46902646526452,-0.495764020357181,0.117234603447335,0.416272508351019,0.727828502566639,1.369874116618,1.00098995854075,45000
"BB[98,2]",-0.20706325418433,0.496862993797376,-1.23167598261198,-0.520707216613991,-0.190131571959885,0.122094674634106,0.73824084723821,1.00111716028917,13000
"BB[99,2]",0.555618085062255,0.49334128043674,-0.396344468657434,0.221621377009882,0.543739484035743,0.871296076122493,1.5619864327692,1.00108832740577,16000
"BB[100,2]",0.168146004729086,0.415691110554995,-0.66675735416704,-0.10011294089902,0.174235503726028,0.439774214036995,0.970439390360976,1.00123980560801,7300
"BB[101,2]",-0.325868503607387,0.540536520001956,-1.42787694105228,-0.677436376342146,-0.315078750315499,0.0380651388826763,0.697679786612047,1.0016772083758,2800
"BB[102,2]",-0.226620729406479,0.535390254003556,-1.34050801970568,-0.56797591444297,-0.210237425467688,0.130262941819026,0.786439726043123,1.00142086362505,4400
"BB[103,2]",0.262517049800465,0.390635199917757,-0.535176770032123,0.0115464538128826,0.269078365920448,0.52383217014043,1.01304261507691,1.00246410963879,1300
"BB[104,2]",0.217137268447423,0.415702322216776,-0.589890573999841,-0.0579931644082327,0.210308550144397,0.492346311815032,1.04927706128859,1.00125351008128,6900
"BB[105,2]",-0.156970110891585,0.400953698690309,-0.977339276209593,-0.421836581678437,-0.146795332022501,0.104916298735466,0.607305913462507,1.00128505981195,6300
"BB[106,2]",0.232893285029283,0.466207962067196,-0.691124133764249,-0.0713833171522694,0.236721566151415,0.534730667397783,1.14096366504303,1.00127682565748,6400
"BB[107,2]",0.30017148688677,0.390886677789321,-0.460372024218931,0.0395948522205946,0.295019629808111,0.555003805028523,1.08379556179526,1.00164990004735,2900
"BB[108,2]",0.462113255772655,0.526203390542498,-0.556970970002152,0.114259135175292,0.452800419292365,0.796409242981373,1.54737590999361,1.00108215518779,17000
"BB[109,2]",0.422921820999067,0.490907084179101,-0.526772126071447,0.0991724087041028,0.411171698195949,0.734217897436102,1.4292434802997,1.00120593917527,8300
"BB[110,2]",-0.10754860413648,0.436968508098286,-0.996946246180057,-0.385943092586663,-0.0963667724861662,0.185367714452133,0.719381867850212,1.00113457855321,12000
"BB[111,2]",0.253033133697084,0.491174542301664,-0.717601993254031,-0.06316898999537,0.25861580222906,0.574275871177411,1.21285587371748,1.00102008341774,36000
"BB[112,2]",0.274137856038208,0.454330603655064,-0.635547971711292,-0.00945313333114994,0.278367137708936,0.564900761714556,1.17127047704998,1.0016086140672,3100
"BB[113,2]",-0.133735723002308,0.493285984970235,-1.14593367424043,-0.451916036566886,-0.122815736353488,0.196627875368695,0.808774929765815,1.00100768579934,45000
"BB[114,2]",0.420851482753973,0.500744898470321,-0.568879314377313,0.092881202333125,0.427111777107336,0.752990350477711,1.39287927285853,1.00213547735336,1700
"BB[115,2]",0.387071534819825,0.460498003635507,-0.525664269869585,0.0855766577577561,0.386997997619628,0.688606880745758,1.30264776243696,1.00166534541471,2900
"BB[116,2]",0.525401874330872,0.467878859330636,-0.343664272042486,0.207838606494691,0.504936186219978,0.817914024906632,1.50282194322485,1.00156859038349,3300
"BB[117,2]",0.401067208324744,0.512989784722655,-0.596733510958041,0.0620923433100264,0.400071428357289,0.73096027997601,1.43259933031852,1.00203538135375,1900
"BB[118,2]",0.188746801546348,0.406438775598514,-0.624215219662582,-0.072259988857769,0.187940570310239,0.454754990212678,0.971570622573405,1.00107843339802,18000
"BB[119,2]",0.674955499379966,0.482494884496543,-0.19247257212167,0.340581844973601,0.64909843264882,0.975959693840922,1.69342682343757,1.00104356000806,26000
"BB[120,2]",0.323242503878106,0.461338249003772,-0.590792957569274,0.0273182271496938,0.32289257472398,0.62152313267492,1.24658186759165,1.00107103686553,19000
"BB[121,2]",0.476641510942526,0.415930336515458,-0.3087553217754,0.194829931982948,0.470979181657319,0.744703415256538,1.32935798286871,1.00103663036294,28000
"BB[122,2]",0.154868749957335,0.416981456597475,-0.651214776248566,-0.122197446313309,0.15401013362778,0.426742109190357,0.987160598738047,1.00138477576559,4800
"BB[123,2]",0.176673994577201,0.481998124552733,-0.735058211833239,-0.151406374591042,0.164035018565676,0.488032762961927,1.16765387586668,1.00097414442224,45000
"BB[124,2]",0.0979306248916892,0.414434873684508,-0.731542220580339,-0.170195020926313,0.10701502318048,0.374283191956391,0.89811692139886,1.00106227321466,21000
"BB[125,2]",0.336034250651342,0.449150485188186,-0.522233660587898,0.0317367119382069,0.326470084532061,0.623170658183093,1.24602736917387,1.00125025676457,7000
"BB[126,2]",0.447667514980686,0.450498454364206,-0.451915365180629,0.153185346944735,0.445128110640601,0.738228773765864,1.34131165985809,1.00220009872549,1600
"BB[127,2]",0.103345675369214,0.437368937620008,-0.760186218498741,-0.186114072180017,0.106471997216616,0.38773232984168,0.964258039798905,1.00106250041208,21000
"BB[128,2]",0.233758324866913,0.528018695583651,-0.825063245046128,-0.108469332592204,0.23578641644021,0.579475570425484,1.28875537881751,1.001202283133,8400
"BB[129,2]",-0.196304755790086,0.542921267403218,-1.3217151147419,-0.536522104344579,-0.18417170531976,0.157073077958192,0.850689117709487,1.00133946894288,5300
"BB[130,2]",-0.0451679139296807,0.516828070762071,-1.10235738002668,-0.383499369484364,-0.0348305850518964,0.294968071479637,0.960571170130571,1.00135780001597,5100
"BB[131,2]",-0.211973871594733,0.441218417825798,-1.11840549106377,-0.498986158019692,-0.204040882790459,0.0861617140841441,0.618864815204655,1.00096838934911,45000
"BB[132,2]",-0.394651656766773,0.517827728296523,-1.47868182045331,-0.723914486075701,-0.369326579522542,-0.0399839755951265,0.563333995421266,1.00139360500134,4700
"BB[133,2]",-0.245515145828043,0.458046441627421,-1.16078676847486,-0.547513731820113,-0.240076648244406,0.0651775255232237,0.644077908308426,1.00141778625702,4400
"BB[134,2]",-0.507542185657969,0.54375625376931,-1.61968121798556,-0.852615030078729,-0.503588587349953,-0.148993007953901,0.531726533679553,1.00116941521863,9800
"BB[135,2]",0.327957526033466,0.392769521325047,-0.427233533325603,0.0647078742847773,0.318724912792619,0.580336083203734,1.12048664711664,1.00241831364739,1400
"BB[136,2]",-0.548307349285393,0.564278000590249,-1.71764479781349,-0.916091064788826,-0.526546081270314,-0.171021302572963,0.503689958440011,1.00111766615464,13000
"BB[137,2]",0.178791785541726,0.471618308004539,-0.757551478432521,-0.128430225174781,0.178740697138582,0.490243487668291,1.10819243911252,1.00220711788057,1600
"BB[138,2]",-0.582120844990106,0.54173207030179,-1.69675098985857,-0.923238860539743,-0.573898007042792,-0.216101541289983,0.455191626240607,1.00106099847202,21000
"BB[139,2]",0.369733615556973,0.444445098163913,-0.473188898096437,0.0688408560227968,0.362186397931242,0.6536001318601,1.27698086825223,1.00106627876834,20000
"BB[140,2]",0.336160509315456,0.376897451346227,-0.382072743304747,0.0835344759936729,0.323212862724242,0.577962558303031,1.12087499959248,1.00161789671635,3100
"BB[141,2]",-0.261019095929977,0.395854193638538,-1.0750075633358,-0.509373265774974,-0.252458556699512,0.00666809972640509,0.492049805410754,1.00171304492692,2700
"BB[142,2]",0.179433237522498,0.410804178608166,-0.633763359890487,-0.0855590675190541,0.175609146308807,0.440111558993027,1.00771382166699,1.00106098123477,21000
"BB[143,2]",0.219510891914577,0.467365236997274,-0.716723243735759,-0.0863987843813449,0.225285739897312,0.526816361616798,1.14590209256469,1.00102846241756,32000
"BB[144,2]",0.148623989881062,0.489431865796826,-0.833466390039188,-0.17253679151831,0.141191080441384,0.46888708756117,1.13039824275366,1.00137318522953,4900
"BB[145,2]",0.0354662873393565,0.515406128569065,-1.02075348335863,-0.293211251397557,0.0464477390368461,0.380474773167434,1.02634413895702,1.00172630675324,2600
"BB[146,2]",0.0693925036060772,0.432536160981824,-0.78580754438526,-0.2146137296085,0.0689717931447705,0.354613800617104,0.922218923037269,1.00174343628233,2600
"BB[147,2]",-0.363150205252044,0.493642137079472,-1.38267600552964,-0.674836501358196,-0.3497640562386,-0.0396915428265849,0.580909776656914,1.00202558277545,1900
"BB[148,2]",0.132716378168013,0.479336185918237,-0.823580969604253,-0.174594975214754,0.140660285119227,0.443552206505188,1.08109818875347,1.00264631717841,1200
"BB[149,2]",-0.148723473304204,0.456983456825723,-1.05331669388229,-0.446047089960326,-0.146822728472789,0.151374141603205,0.744053672581066,1.00116677724861,9900
"BB[150,2]",-0.113005339350143,0.572814507765691,-1.28525876319433,-0.472195539582313,-0.0961800347479792,0.266121581943828,0.982307609712417,1.00109417513938,16000
"BB[151,2]",0.27281619197663,0.403765768777896,-0.519535940579787,0.00185846555159597,0.271217219274224,0.539224997879543,1.07278715867875,1.00163880879387,3000
"BB[152,2]",-0.564714555785083,0.614564092212702,-1.82614042699758,-0.954608347407819,-0.540636172682702,-0.153060645099386,0.597548494194893,1.00203138923539,1900
"BB[153,2]",-0.829122524996713,0.543729786828689,-1.94891119830754,-1.18282250253359,-0.816764818443263,-0.46632995940193,0.212502277978345,1.0019363965141,2100
"BB[154,2]",-0.152205641545283,0.479275721878931,-1.09147141205625,-0.465400490920505,-0.161115063929252,0.161412835555575,0.79153749506339,1.00127396593478,6500
"BB[155,2]",-0.828879757238405,0.562693475455698,-1.98706253776528,-1.19270605698963,-0.818207509767163,-0.453071000084285,0.255537071150169,1.001444437538,4200
"BB[156,2]",-0.283841247674405,0.531258984605313,-1.37871562801779,-0.617832601356685,-0.259908543695324,0.075090858780568,0.712693550677355,1.00216752053034,1700
"BB[157,2]",-0.186070195025562,0.425937840900294,-1.00352221082773,-0.468353140736997,-0.19406883093302,0.0951988713411333,0.664104342240738,1.00201783836771,1900
"BB[158,2]",-0.643256281970213,0.537182566889833,-1.75149037875522,-0.992185872608207,-0.629024612670411,-0.279732582573253,0.387711227013785,1.0013944161334,4700
"BB[159,2]",0.031486939206,0.460241813915466,-0.868157838944507,-0.270325768711775,0.025230454467689,0.336837184460522,0.955858871187816,1.0012840909795,6300
"BB[160,2]",0.0121517661525868,0.462774891015725,-0.908581509746744,-0.291854007199852,0.0154050034302394,0.309263449326319,0.922065352217258,1.00138744899558,4700
"BB[161,2]",0.376181331101045,0.418265841465563,-0.441182348568401,0.103863137224464,0.37545775921952,0.652626967539292,1.20298772506569,1.001305397535,5900
"BB[162,2]",-0.563871602874408,0.553584265775136,-1.72012819446545,-0.924106288858503,-0.539316361752364,-0.198230084287581,0.486471505349643,1.00266710067097,1200
"BB[163,2]",-0.419469783639483,0.454720152869917,-1.34398856568137,-0.71296023992501,-0.417119669312497,-0.121340061772506,0.472076190893497,1.00122198866061,7800
"BB[164,2]",-0.339291952491603,0.431489246907919,-1.21322577775304,-0.621584356646466,-0.335899242759167,-0.0606261314003139,0.503186206827298,1.00177842656885,2500
"BB[165,2]",-0.444826332404133,0.510796604577436,-1.48769001404477,-0.77581846149883,-0.428972822010402,-0.110129776075698,0.529467689145565,1.00152784739304,3600
"BB[166,2]",-0.119154264968056,0.486343242399037,-1.08919870414609,-0.432463395507198,-0.119997826772711,0.202953284339329,0.83101598890162,1.00225000359659,1600
"BB[167,2]",-0.0976763238462735,0.398151669337816,-0.88456047949231,-0.363186217440302,-0.0995382109827155,0.16809598902545,0.688292255543736,1.00112096582903,13000
"BB[168,2]",0.434061050155577,0.495578109086304,-0.52928286323921,0.112167730757886,0.425840799979714,0.749633820371261,1.43475912062542,1.00145964856516,4100
"BB[169,2]",0.417516594976156,0.435733593585134,-0.420598725823912,0.132604148288966,0.412167336864586,0.703151794197246,1.30700514586721,1.00243072691368,1400
"BB[170,2]",-0.216149070733001,0.418567159877945,-1.03729824192909,-0.497320709594142,-0.212897584300067,0.0575074230947579,0.619263456925644,1.00162696756082,3000
"BB[171,2]",-0.127218035793663,0.41402453739744,-0.964922149069975,-0.395568540042915,-0.118000820221821,0.150842856789303,0.66982668052772,1.00102121463725,36000
"BB[172,2]",0.002174268691454,0.448275856677524,-0.911139500200329,-0.286783554664512,0.0100724404140346,0.309346425261764,0.858054782944719,1.00102444910529,34000
"BB[173,2]",-0.336129273355808,0.532449023576566,-1.43146614344187,-0.679860689703281,-0.318996746384711,0.0195285775166286,0.671663800516345,1.00140140599224,4600
"BB[174,2]",-0.204896806336235,0.54180360297667,-1.33177879669871,-0.541045985769443,-0.189238364860139,0.153106091914942,0.81979887837007,1.0013311413106,5500
"BB[175,2]",-0.155375130237171,0.410836296552762,-0.984851667588425,-0.425027227689743,-0.142305563739281,0.117394690488986,0.62129880886505,1.00237546769233,1400
"BB[176,2]",-0.0292846500568963,0.457807345285187,-0.935374382039819,-0.328609722844078,-0.0267588515752365,0.267596948776022,0.87795802881655,1.00101594133116,39000
"BB[177,2]",-0.232463162169762,0.495247173484755,-1.24933424085778,-0.548721646179338,-0.217908831696323,0.101264522481168,0.69293688570634,1.00199663752384,1900
"BB[178,2]",0.317115703769969,0.467372370531572,-0.635735824472186,0.0056513481068994,0.324851755360681,0.626987883034848,1.22110365909309,1.00164250737246,3000
"BB[179,2]",-0.374979073085825,0.50738221815738,-1.42718287870806,-0.69418253801214,-0.363720260767478,-0.0363689692972881,0.587059140733912,1.00182147310435,2300
"BB[180,2]",-0.22443911099444,0.375689149876261,-0.969861749605496,-0.471826350295484,-0.22876408251942,0.0263069540091928,0.504814890476312,1.00133861442555,5400
"BB[181,2]",-0.281405630036874,0.389297396676456,-1.07613772566687,-0.532807555214007,-0.270476564889023,-0.0160185195772184,0.454945690866953,1.00194406991853,2000
"BB[182,2]",-0.412879360528888,0.395641418529554,-1.23514609502533,-0.664764148531046,-0.396052225562526,-0.14567267652345,0.327511799660633,1.00108462551716,17000
"BB[183,2]",-0.422537727238484,0.426845261179485,-1.30012176056841,-0.69128459055914,-0.408448160422388,-0.137029271177373,0.38059790018622,1.00100339803169,45000
"BB[184,2]",-0.216068194687011,0.504155966148885,-1.2361260473257,-0.539952590937716,-0.20054814636771,0.122372194907533,0.747757927810522,1.00141601465922,4400
"BB[185,2]",0.384537271743797,0.404619693492882,-0.39693905902839,0.117251364774922,0.379005295002276,0.643502685813258,1.22102868642446,1.00107437088826,18000
"BB[186,2]",-0.187089519030083,0.556598121958865,-1.33951266555029,-0.546238468025574,-0.163432757914092,0.188063272797752,0.847880561980789,1.00140686045701,4500
"BB[187,2]",0.351557683104254,0.453252036160593,-0.535913377657509,0.0509399003188538,0.344890202875777,0.642250110927113,1.26100226070147,1.0012436726903,7200
"BB[188,2]",0.827686955177479,0.418317166926898,0.0416109263715705,0.543011869497594,0.814112318116364,1.0992783518713,1.69200274406639,1.00238882090775,1400
"BB[189,2]",0.470244791640271,0.53108485906506,-0.564280832926599,0.117475100845901,0.462244005198745,0.815712608613127,1.5306745552261,1.00121565293297,8000
"BB[190,2]",0.582379525253795,0.380691997812398,-0.144235163223633,0.325792834471155,0.575412593602914,0.826278106201686,1.35495956600461,1.00114196914347,11000
"BB[191,2]",0.412423257416276,0.400418727266795,-0.36337091495059,0.144040738274689,0.4060447482621,0.670358296236104,1.21994736912055,1.00110370430381,14000
"BB[192,2]",0.268928773719151,0.428289356574112,-0.596456438635342,-0.0148211475129296,0.277646360163193,0.562525895158801,1.09054543264906,1.00112665030494,12000
"BB[193,2]",0.00363346746425626,0.374077721378388,-0.726826079626333,-0.245207605874357,-0.00144301944671923,0.249791981233274,0.747409632040318,1.00130996891231,5800
"BB[194,2]",0.198879478635744,0.544415936707427,-0.869742467967721,-0.162794165932787,0.192437176709389,0.554798918441125,1.29500091936561,1.00096872012822,45000
"BB[195,2]",-0.287889460743884,0.574757312316559,-1.40153434485875,-0.673535706938049,-0.285332657001511,0.0907324097684363,0.852902721543226,1.00178865922448,2400
"BB[196,2]",-0.356754189531893,0.402321140064844,-1.1913681180284,-0.620735068328533,-0.336211552720907,-0.0752216195574237,0.376649094850184,1.00135588395613,5100
"Sigma.B[1,1]",2.67862796499438,0.515278244380101,1.8143284222627,2.31229549542832,2.6281730459086,2.98984194219331,3.82988233034979,1.00151693335042,3600
"Sigma.B[2,1]",0.348233324636982,0.222760442326326,-0.0614768330358506,0.197641471588282,0.336152412785249,0.486924124470001,0.825095272381524,1.00202180426174,1900
"Sigma.B[1,2]",0.348233324636982,0.222760442326326,-0.0614768330358506,0.197641471588282,0.336152412785249,0.486924124470001,0.825095272381524,1.00202180426174,1900
"Sigma.B[2,2]",0.241800226624856,0.0969639765294854,0.0976926412854524,0.17223436676712,0.227607646475388,0.293881649989098,0.474389436317784,1.00179696830761,27000
"deviance",1663.07079022334,22.4719609670778,1619.97578541723,1647.76972001838,1662.52261963097,1678.03083167274,1708.20146796467,1.00098653657106,45000
"gamma0b",0.632432060185983,0.153347494677237,0.337620821967418,0.528236090898474,0.630374802059885,0.733980837433132,0.939631015727929,1.00102492557864,33000
"gamma0b2",0.0315440217105067,0.165707540226334,-0.295507398256883,-0.0790372373263341,0.0307856156597381,0.142342645457673,0.358533078635726,1.00109822715932,15000
"gamma0b3",-1.21109470949237,0.190857097854347,-1.59285943182137,-1.33826263733606,-1.20778680332232,-1.0822824676158,-0.844251534811156,1.00166635951816,2900
"gamma0b4",-0.166723609617989,0.207350889432597,-0.575651963289639,-0.307173801416443,-0.166171692188357,-0.0269596207168352,0.238718353520688,1.00131876540542,5700
"gamma1b",-0.00689406070594206,0.0938922740551677,-0.187189851877216,-0.0707130952404468,-0.00762340095721587,0.0547752859545629,0.182799892657826,1.00174394427714,2600
"gamma1b2",-0.147909145738983,0.0999546121956983,-0.347106674358249,-0.212879717351429,-0.147339369741028,-0.0814755869318649,0.0470640914326337,1.00102821721706,32000
"gamma1b3",-0.258774296123277,0.119820776365227,-0.494454673417287,-0.338855728369931,-0.258168655454858,-0.178416215924744,-0.0247906240998091,1.00478340122401,530
"gamma1b4",0.0276792277696243,0.115484037372117,-0.202708857496137,-0.0486007508231063,0.0299715575671249,0.106076840008078,0.251405156081082,1.00389016043137,690
"mu.alpha",-0.630246197429455,0.164546695052632,-0.963593371886309,-0.739010910318819,-0.626756783935935,-0.51822841991131,-0.315296104316471,1.00136191735259,5000
"mu.beta",0.0487365889856962,0.107992919109616,-0.164081301375474,-0.0227478658982337,0.0506118685572088,0.122280242272525,0.256670177095432,1.00298861231236,1000
